labels,text
1,"@SteinarStromber @AndreasAasheim @KnutBr @LaNaturenLeve Det er legitimt å være mot utbygging av landbasert vindkraft i Norge. Det er mange som er det.

Jeg tror likevel ikke det tjener saken du jobber for å komme med uriktige opplysninger om at vindkraft ikke betaler selskapsskatt og eiendomsskatt."
0,"RT @Fuglevern: Sammen mot vindkraft midt i fugletrekket, med @Naturvern m.fl.  https://t.co/bqZ6CVPuRN"
1,"@LaNaturenLeve @Vindenergi @Statkraft @Hegnar_no @JohnTande @NORWEA @SINTEFenergy - Som man kan se i Tabell 4-10 og Tabell 8-3 er utslippet redusert med 1,399 Mtonn i henholdt til
BASE-scenario.

Altså: 3 TWh norsk vindkraft, kutter i denne kjøringen 1,399 millioner tonn CO2.

Your move."
1,"RT @AndreasAasheim: Det kan innimellom virke som om mange er veldig i mot vindkraft.

Heldigvis er det ikke sant. Jeg vil nesten gå så lang…"
1,Demopark for 5 stk 6MW #hywind #flytende vindkraft planlagt i Skottland i produksjon i 2017 http://t.co/RQ03QSjfUm
0,"RT @jenskihl: Tenk at solceller på taket får dagbøter, medan vindmøller i urørt natur får statsstøtte. Det er ikkje heilt enkelt å forstå s…"
0,RT @Naturvern: Akkurat der utallige fugler trekker over Guleslettene i Sogn og Fjordane bygges det nå 47 store vindturbiner. De vil trolig…
1,@ThAOSteen Det har jo allerede blitt regnet ut hvor mange fugler katter dreper og hvor mange vindmøller dreper. Lett å finne balansen.
1,"Jeg peker på kart, snakker om nett og vind i Finnmark, og fnyser til og med litt. #MerNettErRett https://t.co/9xjtlNRYPI"
1,Statkrafts tredje vindpark i #Skottland satt i drift https://t.co/J28KZlRlm1 #klima #fornybar #vindkraft https://t.co/QJEfhwvjym
1,"Dersom Norge skal ha noensomhelst nubb på å nå noenlunde anstendige klimamål på egen kjøl, så må det elektrifiseres, elektrifiseres og elektrifiseres i transport, industri og oljegass #mdg #nve Vi har nok vindkraft til alle #norwea https://t.co/z4frZFKJUo"
0,"@PepsiGro Løsningen kommer i form av at vindkraft ikke går på nettet men konverteres til hydrogen og bitcoins. Begge deler med enormt energiforbruk, men hva gjør vel det, så lenge det gir fortsatt forbruksvekst?"
1,"Kanskje også til testing av mindre grid-connected vindmøller, det er et stort behov for de også. https://t.co/h8X8ldJ69Y"
0,@bareenmann Av nysgjerrighet. Hvordan forklarer Frp utbygging av vindkraft og strømkabler feks? .  Dette er store kostnader som rammer de fattigste.
0,"RT @politisk_agenda: Åtte av de ti største eierne av norsk vindkraft er utenlandske fond, med mange deleiere bak. De ser på norsk vind som…"
1,RT @TrulsGulowsen: Viktig og bra at MDG @Partiet ikke lar seg presse av oljenæringas ønsker om grønnvasking på fellesskapets og naturens be…
0,Et grønt jordskjelv: Statkraft dropper utbygging av vindkraft i Norge – Document https://t.co/mitq5otoe3
1,"Tøft, innovativt og fremtidsrettet av @norgesgruppen som vil bygge #vindmøller http://t.co/3FBGf9SENr #samfunnsansvar #miljø #energi"
1,Statsråden har ikke tro på flytende havvind.  Det har regjeringspartiet KrF https://t.co/2OMcKtrkgK @arbeiderpartiet @EspenBarthEide
1,"Buheii og Tysvær vi vindkraftpark  leverer kraft til Eramet's i Porsgrunn, Sauda og Kvinesdal.  Vindkraft sørger for konkurransedyktige kraftpriser @IndustriEnergi @NorskIndustri @SVparti https://t.co/ZbiTRggQSn"
1,@DahlbergHauge Spesielt om denne energien kommer fra vindmøller og vannkraft :)
1,Vil starte vindkraft-utbygging på Frøya i dag(pluss) https://t.co/NrZTu8qZY8
1,RT @SiriHaugum: @LaNaturenLeve @BergenTurlag @SABIMAnorge @VVandvik Storstilt vindindustri på land må stoppast. Havvind må sjølvsagt holde…
0,RT @CICERO_klima: For vertskommunene for #vindkraft er det viktig å få god og riktig informasjon om fordeler og ulemper og at man blir hørt…
1,"@SolumWhist @Nordie12 @NVE For øyeblikket har du rett,. Derimot har nå ett stort tysk selskap satt sine øyne på Norge. 
Stadtwerke München er nå den største investoren av vindkraft og fossefall i Midt-Norge og de bygger rett utenfor Oslo!
 https://t.co/rzQss3unwj"
1,"Nå er den her: Se @IselinNybo presentere Grønn plattform. 🌱 Bedrifter og institutter som utvikler løsninger innen batterier, hydrogen, havvind, sirkulærøkonomi eller annet kan nå søke støtte. Samarbeid mellom @forskningsradet @siva_sf @EnovaSF @InnovasjonNorge https://t.co/54lsBoGlQd"
1,"Vindkraft i Europa økte 11% i 2011. via @Earth_News
http://t.co/rHXfNvDv"
1,"RT @AndreasAasheim: Fort, få på noen gubber som kan fortelle mer om hvordan vindkraft og Energiewende ikke funker. https://t.co/OvY5r5EQ5M"
1,RT @kristinlinnerud: Sverige fjerner avgiftslette for #vindkraft i 2016. Det vil gi økt pris #sertifikater og mer utbygging i Norge. @Energ…
1,RT @GreenpeaceNorge: Det er rett og slett frekt av @EquinorASA og oljeindustrien å foreslå skatteendringer for å øke oljeproduksjonen i en…
1,"Ørsted har startet bygginga av 750 MW havvind-felt, første turbin kommer til våren. Norge har 1 kabel a 700 MW direkte til Nederland, samt 1 like stor kabel via Danmark. Snart får vi inn nederlandsk havvind i det norske strømnettet. https://t.co/wQ0wx9tGXq"
1,RT @EWaerness: Øystein Noreng drøfter faktorer som vil påvirke potensialet for vekst i ny fornybar elektrisitet https://t.co/kzP6odjPsl
1,"Økning av CO2-avgift til 2000 kr/tonn vil gjøre fossil kraft på sokkelen 0,75 kr dyrere per kWh enn dagens avgift, og kan gjøre selv flytende havvind konkurransedyktig som kraftkilde for plattformer. Det er åpenbart at @Norskoljeoggass dummer seg loddrett ut på #polkvart."
1,@Haneye Vindkraft!!!
0,@fenilsen Å diskutere religion med troende er som å kjempe mot vindmøller.
0,"@abjartnes @olehelgesen7 @Bjorn_L_Bang Statlige inntekter fra petroleumsvirksomheten i 2020 er nedjustert fra 245 til 98 mrd.

Vindkraft gir tilnærmet null i inntekt for 2020, men betydelige statlige og kommunale inntekter fra vannkraften. Dog mindre enn petroleumsvirksomheten."
1,"«Når industrien selv sier at for at Norge skal ta en ledende rolle i havvind, må vi ha et stort hjemmemarked, bør ministeren lytte». Klokt og godt fra @hildeo i @StvAftenblad https://t.co/74hxKLtxQA @hsolb @Lasikos @EspenBarthEide @LeneWestgaard"
0,Hvorfor velger journalister i NRK denne typen helt urimelige og usaklige vinklinger? Si ja til vindkraft - ellers legger vi ned skole og aldershjem!
0,"Den største eigaren i BKK vil ut av vindkraft, men BKK held fram planane om å utbygge vindkraftanlegg i Masfjorden, skriv BT. I tillegg er mange av eigarkommunane i BKK negative til vindkraft på land. Kva driv leiinga i BKK med? @Statsmin_kontor @oeddep @kldep @NVE https://t.co/bOGGFslsGv"
1,"RT @uibjus: Energiomstillinger krever rettsvitenskap: - Ingen juss, ingen havvind, mener førsteamanuensis Ignacio Herrera Anchustegui @i_he…"
1,"'Når forandringens vinder blåser, vil noen bygge skjul. Andre bygger vindmøller'. #grønnvekst @BIexecutive @estoknes https://t.co/ltNICEjBmQ"
1,Hadde de vært en ide å bygge vindmøller på oljeplattformene og hente ut ren vindkraft fremfor olje?
1,RT @moenduran: Bra vindkraft i den halen. https://t.co/9LRA5FqHHy
1,#Veidekke bygger nordens største #vindpark https://t.co/tu3h1ClHmn #vindkraft #Fosen
1,Det går rett vei både for sol og vind ute i verden:  https://t.co/MG2CP7m0Tj #verdtåvite
0,"Joda, den har vi lest grundig. Bestilt og finansiert av NVE og vindkraftutbyggere. Vi overraskes ikke av ""funnene"". 
Men nå får NHH sjansen til å utdype sin rapport, så får vi se... https://t.co/sMymtwDOKl"
0,"RT @Naturvern: - Vindkraft på land har ført til enorme konflikter med natur og naturbaserte næringer.

- Konsesjonssystemet har vist seg å…"
0,"Politikere som hevder dette er lønnsomt har rett.   At det ikke er lønnsomt for oss som betaler er detaljer. 

«Det burde etter hvert være en kjent sak at det skal settes opp tusenvis av vindmøller for å sikre Europa såkalt «grønn kraft».  https://t.co/ZmgVNjmR1Z"
0,"@toinil @AndreasAasheim @paalfrisvold @NorskIndustri @NORWEA @Alcoa @Naturvern @turistforening ""Lønnsom"" er blitt vindkraftbransjens mantra. Er den det, med subsidier til 2035, nye støtteordninger (GIEK), linjekostnader etc?  
For ikke å snakke om naturkostnadene. Er norsk vindkraft ""lønnsom"" i et helhetlig samfunnsperspektiv? Svaret er et rungende nei!"
1,RT @PeterMHaugan: @FinnGN treffer spikeren på hodet. Det haster med å få skalert opp de teknologiene som er eller veldig raskt kan levere e…
1,I væskeform er energitettheten 50% høyere for ammoniakk.  50% mer hydrogen (H2) dersom ammoniakk (NH3) benyttes som energibærer for hydrogenet. Viktig å bruke elektrolysør som takler svingningene (variabelt pådrag) i kraftproduksjonen fra vindmøller aller best. https://t.co/5OS3HpVIzA
1,VINDKRAFT - Leverandørindustrien krever norsk havvindpark - http://t.co/AhVtfhajz8 http://t.co/wIHBmxBdba via @teknisk @sintef @NOWITECH
1,RT @PaarupMichelsen: Er Noreg hestevognprodusenten som ikkje ser bilen kome? Oversikta over havvind-siter i Nordsjøbassenget tyder på det. …
0,RT @jenskihl: Denne saka er ellevill. Les heilt ned til der du får vite at NRK leigde inn ein frilansfotograf til å fotografere tomme flagg…
1,"RT @syslagronn: Norske WindSim, som leverer til vindindustrien, er nå etablert på sitt femte kontinent: https://t.co/E7rG3wMKMU"
0,RT @rad_crew: De pusher fremdeles Smartglass på samme måten Don Quixote pusher vindmøller
0,"@JanBae82 @tomnysted @Agder_Energi Men når det er sånn, og vi får stadig mer nedbør og mer vann i magasinene; hvorfor da vindkraft i Norge?"
1,"Havvind og karbonfangst og lagring har potensial for å skape nye industrieventyr i Noreg, og passar godt i høve omstilling av olje- og gassnæringa, seier konsernsjef Eldar Sætre til @NHO_no sin årskonferanse 
#NesteTrekk 
@Equinor
@EquinorASA 
@UniStavanger https://t.co/Zme0TkNOdH"
0,"@mogadonen Akkurat den delen er grei. Men at en person som er såntil de grader skadd og hemmet må kjempe som mot vindmøller og stadig møte vansker og håpløst byråkrati er generelt sett uverdig en velferdsstat. Hun ønsker bidra med å jobbe, hjelp henne, ikke motarbeid."
1,"- Statnett frykter kraftunderskudd og dyrere strøm, sier Statnett.

Sier vi nei til vindkraft, risikerer vi industrien vår, du får dårligere råd, og vi klarer ikke klimamålene våre.

Litt av et kinderegg, hva, @ingridfiskaa, @bmoxnes? Politikk betyr noe.

https://t.co/dicGopKZYF"
0,"Avventer om vindkraft har noe for seg, sånn egentlig, men vakkert er det ikke. No way."
1,"@kristinlinnerud @IpsosNorge @CICERO_klima Enig i at det var rart at premisset var ""vindkraft i urørt natur""."
0,"RT @kim_andre: Det bør kanskje planlegges inn noen klimavennlige vindmøller langs denne veien, så kanskje det blir ordentlig motstand mot d…"
1,"@ErikMartiniusse @Teknisk God artikkel, men bruken av begrepet virkningsgrad for vindkraft er forvirrende. Virkningsgrad brukes om andelen av bevegelsesenergien i vinden som omgjøres til strøm - maksimum i området 45 - 50 %. De 60 % det er snakk om her omtales som kapasitetsfaktor."
1,"RT @Essensielt_no: Vindmøller dreper svært få fugler og flaggermus, og er langt mindre skadelig for dem enn fossil kraftproduksjon. https:/…"
1,RT @arildhermstad: Enorme muligheter for fornybarnæringen til havs!  MDG  foreslår nye tiltak som kan skape et nytt norsk industrieventyr i…
0,"@tv2nyhetene @tv2nyhetene  , jeg prøver igjen. Hvorfor er linken og nyheten om millioner fra vindkraft i Norge overført til Cayman , fjernet og slettet ??"
0,"Velkommen etter.!

Dette har jeg sagt i mange år og Svensk Vindkraftsforening melder om krise vedrørende levetiden og driftskostnader for vindkraft 🙄🙄👉

https://t.co/k5599A3VfQ"
1,"RT @Statkraft: Svalbard bør bli et fornybarsamfunn! Statkraft foreslår å bruke #fornybar hydrogen, produsert med #vindkraft i #Finnmark og…"
1,"@Pjaki82 @ronnykalv @Lan_Marie Hyggelig at du er interessert i politikken vår! Her finner du alt om hvordan vi ville styrt finansene for å få det til å gå rundt om vi fikk bestemme: https://t.co/f5xqw8m1Mm

Når det gjelder strøm er det nok: https://t.co/nV8NdKTjhF

I tillegg vil vi ha mer sol- og vindkraft"
1,"RT @syslagronn: Aker Solutions hiver seg på flytende havvind. - Vi ser et enormt potensiale, sier direktøren. https://t.co/q1ZrvvQarX https…"
1,"@AndreasAasheim @KalleHesst @laraskiftetleve Nei, vi bare lurte på hvor de mange arbeidsplassene i vindkraft kommer; etter anleggsperioden."
0,"Hvis dette er reelle tanker, er det direkte galskap!
Nordnorsk debatt - Skal Norges nasjonalfjell pakkes inn med naturødeleggende vindturbiner? https://t.co/5qUgv5QA0Z"
0,"@ErikMartiniusse 60% av tiden blåser det for mye eller lite. Og planen din er altså at hvert «område» skal ha vindmøller nok til å forsyne eget område, PLUSS områdene hvor det ikke blåser? Er du helt forrykt?  Har du regnet på det tøvet?"
1,"RT @FosenVind: Fosen Vind installerer kraftigere 4,2 MW-turbiner i de tre vindparkene som ferdigstilles i 2020. Det gir 183 GWh mer kraft i…"
0,@LaNaturenLeve @Teknisk Dere har tidligere påstått at dere ikke er i mot vindkraft per se. Den påstanden faller nå på egen urimelighet.
1,"RT @IvarSlengesol: Friske visjoner i det vi våkner til første dag av den europeiske havvindkonferansen i København.

Norge kan bygge ut 30…"
0,"DNB varsler milliardtap.

Vi finner nok kunden blant de som har drukket champagne i 15 år og nå bil ha statlig satsing på havvind."
1,RT @JohnTande: 2/2 Støtter @rasmusjmh sitt forslag om demopark for #havvind  https://t.co/F5pAsmDURR #COP21 @TSundtoft @tordlien @NorskIndu…
0,"RT @mpenergi: Meget bra fra Asplan Viak og kler bransjen naken 👉

«Vindkraft er unntatt fra arealplanlegging i Norge. Vår oppfatning er at…"
0,Freiberg: – Ikke marked for havvind i Norge https://t.co/dF9Sep9tZ9
1,@HaukLandsverk Det vil kreve energi å komme dit. Då er vindmøllene ikkje ei dårleg løysing.
1,@LaNaturenLeve vindkraft for enhver pris er ingen god løsning jmf Fosen utbyggingen @EnergiEmil @geirwaage @YngveBrox
1,"@Statkraft følger i @Orsted's fotspor og vil selge deler av sol- og  vindprosjekter til investorer for å sikre seg penger til nye utbygginger. #fornybar #fornybarenergi @Fornybar @fornybarenergi @fornybarenergi 
https://t.co/ootNZcCIrY"
1,Da har vi hatt fire innlegg på Naturvernforbundet sitt møte om vindkraft. Nå pause. Stillingen er 4-0 for naturvern mot klimavern.
1,"RT @Makro_no: @NicoOyen Vindenergi - Tall, prosenter og megawatt. Det er iallefall ganske stigende grafer http://t.co/992dPknAv6"
1,RT @Teknisk: Regjeringen åpnet nylig Sørlige Nordsjø for flytende havvind. Greenstat og Universitetet i Bergen mener energien kan brukes i…
1,"@Anduril100 @mpenergi @oskuls @PaarupMichelsen Hmm.. Selv om vi gjør mye bra innen hydrogen og havvind, så ser jeg det som en risiko at vi taper muligheter internasjonalt ved å ikke bruke mer statlige insentiver i en kritisk fase nå.."
1,"@LaNaturenLeve Hva skal jeg reagere på? Hvem har, noen sinne, sagt at vindkraft skal dekke alt kraftforbruk alene?

@ElsaWidding må gjerne lobbe for mer kjernekraft som tilkallingsvikar. Sist jeg sjekket er ei heller Sverige er en isolert øy. Se på Danmark, så dør tallene hennes."
1,"@solves Også fra artikkelen: «– Norge er i den heldige situasjonen at vi har mye kraft, både fornybar gjennom vann- og vindkraft, men ikke minst fra naturgassen, som kan brukes til dette.»"
1,"Jeg ser Rune Haaland og Sylvi Listhaug er enige med alle andre i at det ikke bør gis konsesjoner der kommunen selv sier nei til vindkraft.

Det må bety at dere vil respektere de konsesjonene der kommunen selv ønsker det da? Respekten for lokaldemokratiet går begge veier, hva?"
0,@Nina_Jensen @FerdOwner Nesten ikke mulig å bygge ut vindkraft uten å ødelegge natur og miljø. Dette hendte på Lista: http://t.co/Jnfm09ESZy
1,"Equinor har i høst utredet mulighetene for å forsyne Gullfaks- og Snorre-feltene med strøm fra flytende havvind.
Prosjektet kan gi mer enn 200.000 tonn i reduserte CO2-utslipp per år, noe som tilsvarer utslippene fra 100.000 personbiler.

https://t.co/knYhUy54IR"
1,"Den norske motstanden mot vindkraft skader klimaet sier kommunikasjonssjef Stian Mathisen i energiselskapet Fortum forutsigbart. - For oljenasjonen Norge vil offshore vind kunne bety så mye mer enn landbasert -kompetanse, mer energi, eksport, uberørt natur https://t.co/3ogoCfpfs2"
1,"RT @Vindenergi: Det flyter avgårde, si. Første flytende vindturbin på vei ut til skotske Kincardine test-vindpark. https://t.co/2T6DMJXDTX"
0,"Tyskland kjøper seg rettigheter til STABIL vannkraft ved å bygge ustabil norsk vindkraft.   Kortsiktig økonomisk gevinst for stat, kommuner og andre kjeltringer.  På lang sikt vil det ruinere oss."
0,"@McAdolpho @kvatningen I Nederland utgjør fornybar kraftproduksjon (vindmøller) ca. 10% av
total kraftproduksjon. Nærmere 60% er gasskraft og over 25% er kullkraft, de resterende prosentene er kjernekraft."
0,"@TidsskriftetP @UlrikaJansson6 @BioFokus Urovekkende utgangspunkt for naturhensyn ved #vindkraft og annen nedbygging av #natur, @rommetweet @iselinelise @TirilSolvang @kldep @Rotevatn @MotvindN @UlrikaJansson6 @KnutOlavAmas @Partiet @WWFNorge @Naturvern @SVparti @CSpange @Arbeiderpartiet @NVE @oeddep @TrulsGulowsen"
1,Min stemme til hausten går til det partiet som går inn for bompengefinansiert vindkraft.
0,"Elbil &amp; vindkraft er ikke lønnsomt

Hydrogen er løsningen

El-ladning &amp; batteri er rent tull
MDG er en religiøs fantast bevegelse 

Elbillading kan knele strømnettet https://t.co/O1ha2A5EVy 
#dax18  #nrknyheter #nrkdebatt"
1,tu.no - Havvind: 15 områder skal utredes - Teknisk Ukeblad http://bit.ly/pN0Drb
1,Det er på de norske vinnerområdene shipping og offshore at norske bedrifter gjør det best på vind til havs. https://t.co/0rgDJmHTdh
0,"@WWFNorge Sol er bra, men hvorfor er der alltid blomster foran bilder av fornybar energi som vindturbiner og solkraftverk?"
0,"RT @LarsAarset: Lurer du på hvor nettleien din blir av?
""De utenlandske eierne drar inn millioner før vindparken har åpnet"" #vindkraft
http…"
0,RT @kristinlinnerud: Ny spørreundersøkelse finansiert av DNT setter søkelys på naturinngrep ved vindkraftutbygging. https://t.co/oWHo75Bkvg
0,@kkristensen_ Derfor er vi VELDIG mot havvind i innsjøer!!
0,"@alulvangsky @fredriksolvang Energifattigdom har kommet for fullt i Tyskland og Australia, og årsaken er #vindkraft som ikke virker. Men siden fattigfolk ikke teller, er det ingen som bryr seg om det - aller minst klimakåte politikere. Men det VIL skje i Norge også. #nettleie 
https://t.co/SEjLCQTTRN"
1,"RT @abjartnes: Vindkraft; mange hensyn å balansere for den nye @NVE -sjefen @lundkjetil .
https://t.co/rRBPpGiVh7"
0,Hva skjer @turistforening? I samme blad fra dere så er dere imot vindkraft og reklamerer FOR Lundin og oljevirksomheten deres? https://t.co/drCmhAzQ4r
1,"@arveaksnes @NordahlGriegvgs @linmarieho @UbygdeKraftverk @UiB Vi i LNL snakker gjerne med elevene om fornybar, særlig norsk vindkraft"
1,RT @UiBmatnat: Vil du vite meir om vindkraft? Kom på frukostmøte og møt ekspertane våre! https://t.co/CGhrNR8yzN https://t.co/EGweVL7heV
1,"Dette har muligens vært historiens viktigste klimauke i Norge!

Mandag: Forpliktende klimamål sammen med EU🌍

Tirsdag:Første konsesjoner i historien for havvind⚡️

Torsdag: Handlingsplan for å halvere utslippene i maritim sektor⛴

Fredag: Historisk klimaavtale med landbruket🚜"
0,@Berekvam Fem timer med vindmøller? Tar med et par ekstra bøker. @geirls
0,Plan for vindmøllene: Naturvernforbundet i Vest-Agder er kritisk til at NVE behandler søknadene om 10–12 vindmøl... http://bit.ly/g0kGmT
0,RT @CristinaKar11: Det er helt håpløst av NVE å tillate vindkraft midt i fugletrekk. @Venstre @olaelvestuen må stoppe disse prosjektene. ht…
0,"Nå bør Frp, H og Sp møtes for å danne en ny regjering UTEN klimaforvirrede globallister. 

Frp + Sp deler perioden frem til neste valg med valg av statsminister.. H trenger tid til omstilling, landet stopper all satsing på vindkraft, forlater ACER, EØS galskapen. 

#nrknyheter https://t.co/xnPryYx09x"
0,"Kamp mot vindmøller: Den politiske høgresida har forstått det rett, meiner Naomi Klein: Klimakrisa kan berre l... http://t.co/MGZ0EswoJj"
1,RT @zeronorge: Nå er @Statoil i gang med flytende vindkraft. På #Zerokonferansen får du hører mer om muligheten innen #havvind! https://t.c…
1,"Mind-blowing #Hywind! 💨 I løpet av de seks første månedene i drift, har tilgjengeligheten til Hywind Scotland, verdens første flytende #vindpark, vært høyere enn bransjens gjennomsnitt for havvind i Storbritannia, ifølge Sparta. Tallene presentert på #RUKGOW18 i dag! https://t.co/z1JrFgEJ7P"
1,"RT @storebrand_no: Startet kull-exit i 2013, nå utelukker vi 10 nye kullselskaper, blant annet den tyske giganten @RWE_AG. Samtidig øker vi…"
1,"@OddisNaper @Klassekampen Akkurat nå bedriver SV en dobbeltkommunikasjon på et nivå FrP ellers er alene om. Man vil ha et veldig grønt skifte, man vil elektrifisere alt, man vil absolutt ikke ha vindkraft, og man har funnet opp en drøss vassdrag vi enten har fredet eller ikke visste at vi hadde."
1,https://t.co/1e9kUfBnw0 Hanne Wigum leder vind- og solteknologi i @EquinorASA . Hun forteller at selskapet ønsker å bli en stor aktør globalt innenfor havvind. Annonsørinnhold - enerWE Partner @SINTEFenergy @EnergyNTNU
0,"@KjellJVang @JarlWaage @amrama Vindmøller på egnede steder hvor det uansett finnes mengder av rekreasjonsområder i nærheten, ser jeg på som positivt. Dog ikke på steder som Haramsøy, der vindmøllene kommer til å være svært tett på befolkningen."
0,RT @AndreasAasheim: Mener virkelig #Hegnar at 800 MW #vindkraft har veltet det norske kraftmarkedet? Virkelig? http://t.co/xh1yVqZXOI
1,RT @neregsk: Gøy å være på forsiden i Fævennen: https://t.co/MseopgTKIH
1,"#RasmusHanson om #vindturbiner: Vi må gjøre begge deler; både redde klima og naturen, men når EU snart er rikere på grønn kraft enn oss på vannkraft, da strider vindturbinutbygging mot et genuint #GrøntSkifte hvor fortsatt #vekst ikke tåles(!) ift planetens #bærekraft @Partiet 😩"
1,RT @JonBjartnes: Thomas Kåberger på #iref15: Ikke én studie fra forrige århundre viste like stor vekst i vindkraft som vi faktisk fikk 2000…
0,RT @kristinlinnerud: @EinarWilly Mitt inntrykk er at både NVE og kraftbransjen i Norge har lagt svært stor vekt på hva vertskommunen mener…
0,"Statoil bygger ut havvind på grunn av britisk Tory-politikk, ikke Støre. #nrkvalg"
0,"Vil vindkraft erstatte forurensende energi? Forskere sa det trolig vil komme i tillegg,  da sa OED stopp http://bit.ly/hJyCKV"
0,@hsaetness @LeneWestgaard @BBaardsen @Statnett @Statkraft Problemet er at kraftbransjen fyller hodene på våre politikere med misvisende tall som så danner basis for svært ødeleggende og meningsløs kraftpolitikk - som naturødeleggende vindkraft på land. Det var mitt håp at Statkraft ville være mer ansvarlig i så måte.
1,RT @PPreede: Hyggelig besøk fra Statkraft-traineer på Smøla. @Statkraft @Vindenergi https://t.co/BhJ3wa5h6u
0,"@CSpange @pemyh Ganske snevert utdrag av progammene da. Vannkraft må det satses på, men vindkraft er en bløff. Alt for lite kost/effektivt."
0,Arve Johnsen mener Statoil må holde seg til olje og gass; kanskje litt havvind https://t.co/BVwcukR7Do Samme dag kunngjør Aramco at de trekker børsnoteringen i NY. Årsak: Investorene frykter Aramco for oljeavhengig; for lite fornybar. @abjartnes @mortenaanestad @BSverdrup
1,"@NORWEA De foreslåtte avskrivningsreglene medfører investeringsusikkerhet for vindkraft
#høstkonferansen. EØS-avtalen slår inn."
1,"RT @esgya: Jeg skal bare bygge denne veien her, bygge bygge denne hytta her, kjøre med denne snøscooteren her, hogge denne skogen her, legg…"
0,"@mpenergi @EinarWilly Neida. Bare sette opp et par vindmøller, kutte ut oljen, kjøpe Tesla og satse på tang og tare. Null stress🤷🏻‍♂️"
0,"#Vindkraft-industrien fortsetter sin propaganda med teoretiske tall, manipulerte fakta, glansede powerpoints og bestillingsforskning. 
I mellomtiden skjer DETTE i virkeligheten - og det må ingen få vite. 
#klima 
https://t.co/1pS0Yaw6AJ https://t.co/oqmk2wfImy"
1,"TrønderEnergi ber Regjeringen sikre vindkraftutbyggingen på Frøya: 
https://t.co/97Kyn4QCcW"
1,RT @EquinorASA: Vi sier «GO» til nytt pionerprosjekt! Flytende havvind-teknologi tas i bruk for å gi Snorre og Gullfaks – som først i verde…
1,"RT @Partiet: Hva nøyaktig har vi vedtatt om vindmøller, cruisetrafikk og annen ny politikk så langt på #mdglm? Hyggelig at du spør! Du finn…"
1,RT @ErikMartiniusse: Økende interesse for havvind i Norge @NorskIndustri @HoyreTina @Teknisk https://t.co/vqmYEFJT9q
1,RT @arneeik: @ABBNorge @ChulAamodt @EspenBarthEide @zeronorge Takk for god diskusjon på #zerokonferansen i går. Norge har fantastiske vindf…
1,RT @GunnellErika: Norge henger etter. Allerede nå utkonkurrerer offshore vindkraft prisene på kull og naturgass - uten subsidier @ThinaSalt…
0,Skadeverk på anleggsmaskiner som brukes i vindmølleutbygging https://t.co/5o7HrSooPe
0,"@jonalevang @abjartnes @Mohnitor Havvind fjerner neppe mer enn 30% av utslippene fra installasjonene. Trenger konstant kraft og ikke minst varme. 

Viktig at kostnadene ikke skjules under streken i statsbudsjettene. Her må samfunnet få vite hvor mye det betaler for tiltakene."
0,@erna_solberg Du oppfører deg som en diktator..snakker om å bevare natur og ødelegger naturen med vindturbiner..slakter ned naturlig dyrefauna..kryper for utenlandsk kapital og ukultur..folk våkner nå.. du velges langt vekk.
1,Kpasitet på vindenergi opp  39% i USA i fjor..http://bit.ly/7ba8q5
1,RT @filiprygg: Til dere som mener at vindkraft må stoppes pga fulgedød. https://t.co/KJUDhmDsPy
0,@AndreasAasheim Dessverre for deg er ikke vindmøller svar på spørsmålet
0,"Vindkraft er ingen ""grønn"" energi.. https://t.co/MkQDO1DVfo"
1,"RT @EnovaSF: Alt fra støtte til energitiltak i hjemmet ditt til 2,3 milliarder til et flytende havvind-prosjekt. Hør Enova-sjefen i podkast…"
0,"Seriøse lokale motstandere av vindenergi gjør en viktig jobb. De løfter fram kunnskap om lokale økosystemer. De peker på de ikke-materielle verdier som er priset for lavt. Andmyran er godt eksempel, innsikten til ornitologer, har fått meg til å undres over dette prosjektet."
1,RT @kristinlinnerud: Godt skrevet! Det er gode argumenter både for og mot mer vindkraft i Norge.  https://t.co/qeeYwcytno
0,"@AndreasAasheim @DanPederEriksen @Barehebola @EinarWilly @NORWEA «Sterke aktører ønsker å gå tilbake til et vindkraftkonsesjonsregime med ivrige investorer, rask saksbehandling og lite lokal innflytelse. NHO Reiseliv mener regjeringen gjør klokt i å revidere reglene og revurdere praksisen» @NHOreiseliv https://t.co/CZKvgaBEsW"
0,@GetorTw @willynerdal1 Poenget med vindkraft er å knytte oss tettere til EU. Det skaper så ustabile situasjoner at vi må bygge kabler for å importere strøm.
1,"RT @Lassefredheim: Dette har muligens vært historiens viktigste klimauke i Norge!

Mandag: Forpliktende klimamål sammen med EU🌍

Tirsdag:Fø…"
0,"@aselliaas Blir et problem når armene går som vindmøller for å dele ut slag i alle retninger, både over og under beltestedet. Søppel!"
1,"RT @trygvetv: Flott med støtte til 88 MW flytende havvind! Hvis man hadde brukt 2,3 mrd på 30% investeringsstøtte til solceller, hadde det…"
1,Hva er egentlig argumentet mot havvind?
1,RT @ThinaSaltvedt: En super dag for norsk vindkraft http://t.co/tyKuoxreJB @DN_no
1,"@AndreasAasheim @kariekas @Haltbrekken Mens Norge ikke har installert noe vindkraft til havs, har Storbritannia 39 havvindparker på til sammen 8.000 megawatt og rundt 7.200 ansatte innen havvind, og ambisjoner om å mer enn tredoble antallet sysselsatte i bransjen."
0,"-Det er ikke fritt frem for vindkraft.

Alle som ønsker å delta i vindkraftdebatten, bør ha som mål å bidra med mest mulig fakta.

https://t.co/lzijKFzEob"
0,"Dette har vi hørt noen ganger nå, @oeddep! Men konkret: Hva vil departementet vektlegge vedr. naturvern? Respekt for naturmangfoldloven? For fugl/dyr? For friluftsliv og naturopplevelser?
Vi venter.. 
https://t.co/bdxV4tZZ1u"
0,"@AndreasAasheim @einarke @mariusholm Fint, i Tyskland. Men vår strøm kommer fra vannkraft. Norsk vindkraft erstatter ikke kull. Klimatull!"
0,"@LarsAarset @eidem @UrsusNordhammer Du må ALDRI spørre #vindkraft-lobbyen om hva ting koster, og hva prisen blir for samfunnet.  De er på jakt etter 100-vis av milliarder og INGEN skal få ødelegge gullgåsa før den er melket tom. Samme skjer over hele Europa:  Kostnader for #GrøntSkrifte er ALDRI til debatt."
0,RT @KeiserOla: Tenk deg at vindkraft er som elfly.  Forskjellen er at elfy dreper kun piloten og maks en passasjer. Vindkraft dreper økonom…
0,"@UrsusNordhammer Ikke for å bagatellisere, men det faktum at en vindkraft-lobbyorganisasjon er sponsa av et selskap som ødelegger regnskog er ille, men store norske selskaper som Equinor og Hydro gjør jo omtrent like gale ting på egen hånd. Tjæresand i Canada f.eks."
0,RT @BurkelandS: @CristinaKar11 @snorrevalen @Thor_Egil En vindmølle er nok til å ødelegge. Bare ta et hvilket som helst naturområde og tegn…
0,@Madsws Snakk om å kjempe mot vindmøller.
1,"RT @kristinlinnerud: Føler meg optimistisk. God og nyansert debatt om vindkraft. Zero, DNT, LNVK, FrP og SV. Pluss en ja- og nei-ordfører.…"
1,"@a_odegard @Vindenergi bra! snakket med Van Hool i mars og hadde håpt de skulle rekke 2020, men får jo være glad for at de nå er tydelig på at det kommer nye modeller på løpende bånd i årene framover. Det er jo veldig bra!"
1,"RT @kristinlinnerud: @EinarWilly @grimz Absolutt. Et fornuftig resonnement, ikke bare for Statkraft, men for hele den etablerte kraftsektor…"
1,Danskene sender #Vindkraft til oss på 17. Mai! Hurra! https://t.co/tY2ZemxQ4l
1,"RT @Ver1e: Teknologi flytter makt sier Jakob Tyness. Minner meg om dette: ""Ikke bygg skjul, men vindmøller når forandringens vind blåser."" …"
1,RT @GudmundSydness: @LaNaturenLeve Nve leverte strategisk ku for havvind (les: nasjonal ramme for havvind) til oed i 2012. Glad for at den…
1,RT @KalvigS: Slik kan oppdrettsnæringa bli mer klimavennlig https://t.co/Y7wC4IXgbI
0,"Dette går bare ikke an; 2,3 milliarder skattepenger rett i havet!! Bare for dette håper jeg dagens regjering styrter i en pøl med havvann.. Skandaløst frekt!  https://t.co/jQcZpu0VNy"
0,"RT @KentAnder: Det er på tide at noen vekker @Hoyre fra den grønne hypnosen. #RT 
#klima #CO2 #Vindmøller #utopi
https://t.co/xHpgiahXA3"
0,Varsler innstramming på vindkraft #nyheter #msn https://t.co/fmsVAlTDBD
1,"Ny god kommentar av @HansKMjelva. Viktig å få i gang storskala havvindutbygginga på norsk sokkel, men også viktig å unngå at konfliktnivået rundt vindkraft på land forflyttar seg til havs. https://t.co/ueMuVg3Z89"
1,Lengre blad enn en fotballbane: Dette blir verdens største vindmølle...
0,"@mariusholm @BjornKHaugland @skift_norge Kommer neppe mye havvind fra oljeselskapene hvis ikke likviditeten styrkes. Det er oljeinntekter som har gjort dem rustet til å satse alternativt.

For øvrig stor forskjell på subsidier og provenynøytrale skatteletter."
0,"Korrupte, kunnskapsløse politikere serverer løgn på løgn i propagandakanalen  #nrknyheter #dax18 #polkvart #nrkurix #nrkdebatt 

Finnes ingen klimakrise eller lønnsømt 'grøntskifte' 

Vindkraft til havs &amp; land blir aldri lønnsomt fordi de forurenser og dreper fugler 

#nrknyheter https://t.co/xscfYx9lqf"
0,RT @Vindenergi: En viktig del av Nasjonal Ramme er å oppdatere kunnskapsgrunnlaget om virkninger av vindkraft. https://t.co/pX6w82Bf4k Her…
0,"De har satt opp ni vindmøller i nærheten av stugan vår i Sverige. Tenkte jeg skulle protestere, men det ville blitt en kamp mot vindmøller."
1,"RT @ToreFurevik: Viktig å utvikle norsk havvind, meiner både @EspenBarthEide i @Arbeiderpartiet og @LeneWestgaard i @Hoyre.  https://t.co/K…"
0,Med equinor prøver statoil å overføre det multikulturelle eksperimentet til energimarkedet.  Vindmøller er dysfunksjonelle folk fra tredje verden som ikle klarer å integrere seg. Jobber når de gidder. Fossil er folket som må plukke opp regningen.
0,"Hva synes @NORWEA om slike synspunkter? Eller statsråden for elsertifikater; @tordlien. Eller @nikolaiastrup?
http://t.co/clsTVSqyTf"
1,RT @Haltbrekken: Ser noen hisse seg opp over at @mathiasfischer har jobba for vindkraft. Har ikke sett noen reagere på at @tonychr har jobb…
0,"RT @LarsAarset: En vannturbin erstatter 400 vindturbiner og en oppgradering gir 10-15% mer strøm uten konsekvenser for naturen, men det løn…"
0,"@kristinlinnerud @ATGullberg @medoleir I det hele tatt er begrepet ""ny fornybar"" meningsløst, @THEenerWE. Fornybar kraft 
er, ja nettopp, fornybar, uansett. Begrepet er et retrorisk knep for å få folk til å tro at sol/vind liksom er bedre enn vannkraften vår. En del av folkebedraget for å få aksept for mer vindkraft!"
0,"@kristinlinnerud @CICERO_klima @NINAforskning Dere kunne jo i tillegg sett litt nærmere på om det overhodet er behov for vindkraft! Det ville løst noen konflikter, det også..."
1,"@baardamundsen Sorry, den var ufin. Dog: blir som å si at vindmøller og kullkraftverk er det samme; først og fremst installasjoner i naturen"
1,"@Bjorn_L_Bang @bBjorntho @Hoyre @frp_no @Venstre @Arbeiderpartiet @Partiet @Senterpartiet @solklyngen @EnergiNorge @Statkraft Det er gammel nedbetalt norsk vannkraft som er billig og relativt pålitelig. 
Ny norsk vannkraft er ikke billig, og ofte er den uten magasiner.
Da varierer produksjonen oftest sterkt over året.

For meg ser det ut til at de nyeste prosjektene med vindkraft på land blir billigere."
0,RT @KentAnder: 20 fanatiske raddiser krever statuer fjernet: Det blir tatt på alvor. 200.000 vanlige folk krever #vindmøller fjernet. Ingen…
0,RT @Fredriks_1: Jeg påpeker stadig at #vindkraft påvirker økosystemer i langt større omfang enn bransjen hevder. Les om kaskadeeffekter og…
0,"Burde kalt karbonkvoter ""coalcoins"" så hadde det kommet masse spekulanter :3 https://t.co/09xLTSIaHb"
0,"@UlsethBj Jeg er i rett parti, heldigvis ikke sammen med folk som er mer mot vindkraft enn oljeplattformer."
1,"@AndreasAasheim @BBaardsen Kan vi ikke vedde på noe som gir meg bedre odds? Gassrør til Barents har ikke gode odds foreløpig. 
Vedder gjerne på hva som gir Norge størst inntekter om 10, 20 og 30 år. Olje eller vindkraft."
1,"RT @tveitdal: Ikea satser milliarder på vindkraft Skal investere 1,5 milliarder euro i fornybar energi http://t.co/eUp6cso4"
0,"RT @VVandvik: Når samfunnet ofrer viktig og verdifull natur, må vi kunne forvente at beslutningen er basert på, og tar hensyn til, kunnskap…"
1,"@illfermentit @JarlWaage @audunlysbakken Det vil jo alltid være tilfeller hvor velgerne er uenige i noen enkeltsaker, som for eksempel det tilfellet jeg viste til om surrogati. Sånn er det i alle partier. Vindkraft er en annen sak hvor jeg tipper velgerne og medlemmene i mange partier har ulikt standpunkt"
1,@AndreasAasheim Statnett bygger da nett for vindkraft for milliarder på Fosen?
0,RT @elisabeth_dahle: Ødeleggelsene #vindkraft #vindmølletran #natur #tap https://t.co/QZMs9WI7wZ
1,RT @Nils_Rokke: Morgengrublerier og vindkraft- hvordan skaffe tilveie 30-75TWh mer ren energi i norge for å erstatte fossil energi og bli n…
1,RT @Vindenergi: Asko åpner egen hydrogenstasjon til trucker og etterhvert lastebiler. Utrolig viktig realisering av sterkt næringsdrevet in…
0,"Jeg tror @NVE har gått helt av skaftet! Dette må dere stoppe @oeddep De har hatt sjansen til å bygge, konsesjonen er gått ut flere ganger. Nå vet vi bedre, så ingen grunn til å forlenge igjen https://t.co/nqYvAXb70z"
1,"RT @Hans_Vang: Vi tar det på nytt: Å slåss mot vindmøller betyr å kjempe mot en innbilt/oppdiktet fiende, ikke å møte formidabel motstand."
1,"RT @abjartnes: Dette ser ut til å kunne være viktig for offshore vind i Norge. @gbuvik
http://t.co/7VNq2bB5"
0,@isachs1 @AndreasAasheim Jeg er ikke imot vindkraft. Jeg kun peker på at svært lite har blitt bygget med nåværende priser.
0,RT @Essensielt_no: Jeg er ikke mot vindkraft. Ikke overalt. Men jeg er 100% mot privatisering og manglende skattlegging. Vind bør behandles…
0,"Takk @Avisen_Agder god dekning av protestmarsjen! Minner samtidig om at det er vindturbiner, ikke vindmøller. Synd jeg var birtreist og ikke kunne delta. @Flekkefjord_k https://t.co/ahc1LoExsL"
0,RT @LarsAarset: Ha ha! Satirekontoen #Dagbladet melder om massiv kritikk av «Planet of the Humans» (fra kritikere som ikke har sett filmen)…
0,Norsk natur til salgs! #grøntskifte #vindindustri #vindkraft https://t.co/ceB9lg8FXz…
1,RT @Teknisk: #Equinor knuser rekorder. Det flytende #havvind-anlegget i Skottland leverer langt bedre enn bunnfaste anlegg: https://t.co/LA…
0,RT @WWFNorge: Sammen med @Fuglevern &amp; @WWFSuomi krever vi at Davvi vindkraftverk i Finnmark ikke bygges. Vi trenger mer fornybar energi for…
0,RT @jensmaage: Har ikke @Hoyre fått med seg at utslipp i en verdikjede er mye mer enn det som kommer fra motoren? https://t.co/LPOjuYyJhj
1,"RT @THEenerWE: Denne rapporten bør skremme, glede, frustrere og inspirere alle som jobber for eller mot olje, gass, CCS, vindkraft, elbiler…"
0,"@toinil @solves @alfholme @LaNaturenLeve @tweetmyinbox @miljodir @faktisk_no @NVE @turistforening @Naturvern @BergenTurlag Hvordan foregår dette i praksis? Dere har veldig jevnt forbruk gjennom året, og dere kjøper produksjon fra vindkraft som har en svært variabel produksjonsprofil."
1,Kan man sette opp vindmøller på Mongstad? #gjenbruk #brennpunkt
0,"@mathiasfischer @HoyreTina @Rotevatn Men hva mener velgerne? Tror @Venstre gjør lurt i å heller sloss for natur og miljøvern, fremfor å bygge ut mer vind på land i fjellandet Norge. Motstanden kommer til å øke mer og mer, siden nordmenn er knyttet til natur. https://t.co/YlRRHbVjsF"
1,"Global oppvarming er en ørlite større trussel mot dyrelivet enn en håndfull vindmøller

https://t.co/0dmN79lRG9"
1,RT @Klimapartnere: Kapitalen inntar vindkraftbransjen – Nå er vindkraft business. http://t.co/SX87vVzy
0,Hvorfor betaler vi hundrevis av milliarder for å produsere under 2% av strømmen vi bruker.  https://t.co/CHRFHFYNUg
0,RT @KeiserOla: Når vindkraft produserer null. Og du prøver å gi kvotepriser på kull skylda for strømprisene. https://t.co/jHenedRXCn
0,"RT @klimapsykolog: Havvind oppsummert av havvindsgjengen: 

«Journalisten: – Regjeringen vil bare bygge ut lønnsomme prosjekter?

Havvindsg…"
1,Debatt: – Regjeringen satser på havvind https://t.co/FfAEZFYqej
1,"Plugging av brønner, havvind, CCS og hydrogen: Her er prosjektene ⁦@Teknisk⁩ mener har størst potensial for å bidra til grønn omstilling av norsk oljeindustri. 
⁦@Nils_Rokke⁩ ⁦@VincentFleischR⁩ ⁦@TvitreAnne⁩  https://t.co/urd9j6BqLc"
1,@AndreasAasheim @ssbnytt Det hjelper ikke å pøse rådyr vindkraft inn i et dysfunksjonelt kvotesystem som flyter over av billig kullkraft
1,"Leste at Donald Trump ikke er glad i vindmøller. Antaglig er han ikke glad i vind i det hele tatt, en utfordring å passe på hentesveisen!"
1,"Vindkraft eksploderer i Norge, skriver DN. Våre estimater tilsier investeringer på over 30 milliarder 2016-2018. 

God morgen!"
1,Norge kan bli storeksportør av havvind-teknologi #havvind. Næringen etterlyser investeringstiltak fra regjeringen. https://t.co/cuS6yj44K8
0,"Fem havørner drept av vindturbiner i Fosen vind-anlegg.
https://t.co/zDc1uK3Crn"
1,RT @Teknisk: Ingen tvil om hvilke energikilder det satses på i EU: http://t.co/HtnRN3ooVi av @LieOyvind http://t.co/7lEd8Wbqi4
0,Trønderdebatt - Kunne bygd en demning tilsvarende 35 vindmøller #vindkraft  https://t.co/VWj8jdaUhN
0,"RT @ErikMartiniusse: Sprer vindkraft mikroplast, og hvor mange fugl dør egentlig av vindkraftverk? @Teknisk har sjekket hva som er sant og…"
0,"RT @AndreasAasheim: Altså, 100.000.- for å finne ut hvem som eier norske vindkraftverk..

Jeg antar jo at jeg misser noe her, men dette sit…"
1,"Motstandere av vindkraft, eller hva nå den karen egentlig ønsket å få fram her [han i skjermdumpen, altså]... https://t.co/90BYl2oBSZ"
1,@EigilKnutsen Hva mener dere om havvind?
0,@Essensielt_no @EspenBarthEide @EinarWilly @Partiet @Arbeiderpartiet @ife_norway Eg er meir i tvil om den naive trua vår på vindkraft.
1,Google går inn i norsk vindkraft https://t.co/ywKFDMBYty
0,"RT @abjartnes: Trodde noen at havvind vil være konfliktfritt?

https://t.co/tN3hh2eO4d"
0,"Ikke sant? Kortreist strøm, bra nett og lavere kostnader! Noen vindturbiner må vel det utbyggerne kaller nikkersadelen i Oslo-området, tåle. Det må jo folk på Frøya, på Fosen, i Nord-Odal, på Finnskogen... https://t.co/bsex4HG5PV"
0,RT @MBergNordlie: Er det moralsk holdbart av majoriteten å velge at måten man skal panikkro seg ut av krisa man har skapt er å ødelegge urf…
1,"@mariusholm utfordrer @erna_solberg og @jonasgahrstore på hvordan vi kan bidra med kapital og kompetanse til andre land som vil satse på havvind?
#Zerokonferansen 
Kan vi handle litt raskt for å hindre at disse kullkraftverkene blir bygget spør @mariusholm? https://t.co/vLYrl8vDYB"
1,"Urovekkende trend, og hvordan blir det når oljevirksomheten skal elektrifiseres? Vi trenger tydelig mer vindkraft, vannkraft og -hvorfor ikke - også solcelleenergi i Norge https://t.co/lIb2o57FV7"
0,Vurderer ulovlege aksjonar mot vindkraft (pluss) https://t.co/VFuL0rKhS5 https://t.co/HRs2OhJ83m
1,"Per 1. april var 21 TWh av det svensk-norske målet på 28,4 TWh ny, fornybar kraft nådd. I tillegg er 15,2 TWh under bygging, hvorav 11,6 er vindkraft. @CICERO_klima https://t.co/FrftIZNwrr"
1,Prisen på havvind falt med 40 prosent på ett år https://t.co/YhiOU45zKF
0,Forbanna luftgitararm....!  Man må jobbe seg opp til vindmølle solo.
1,Foreslår demonstrasjonstog i #Rogaland for vindmøller. #zero13
1,"@GreinerNOR Reindrift er selvsagt en god årsak til å verne enkelte områder for vindmøller, ja. Men det er fortsatt god plass."
0,"Danmark. Naboene til vindindustrien vil ha støygrenser, ikke penger som et forsøk på å kompensere for  støyplagene. Behovet er først og fremst å få støygrenser som beskytter mot støyplage og forebygger helserisiko. https://t.co/gzc8zSLnBm https://t.co/1lMpV7fXZz"
1,Forkastelig vindkraft-sabotasje https://t.co/uZvL7ZK2eg
1,På 90-tallet satser svenskene på bioetanol som en del av løsningen før man innså at god matjord ble til drivstoff og tortilla prisene i Mexico gjorde at mange fattige ikke lenger hadde råd til mat. - Vindkraft. Løsningen som plutselig ble selve problemet. https://t.co/RTuoviUyTI
0,"RT @Oddingen: Vindkraft? Nei takk.
""Vindkraften vil fram mot 2030 beslaglegge rundt 2000 kvadratkilometer – et område på størrelse med Vest…"
1,RT @MortenMyksvoll: Straum er berre populært etter at den har kome inn i husa til folk.  https://t.co/8SR5OIQuxk
1,"Equinor sammenligner Doggerbank med de store oljefeltene: Dette tar oss opp i tetsjiktet.

https://t.co/3WyUwChSFd"
1,"RT @Athornor: “En nettleie som straffer dem som bruker lite, eller produserer sin egen energi, og dermed reduserer belastningen på nettet e…"
0,RT @kldep: -Det er viktig for både klima og naturmangfold at vi tar vare på økosystemene våre. Derfor endrer og strammer vi nå inn konsesjo…
1,RT @ErikMartiniusse: Skal utrede norsk havvind. Får 10 millioner fra regjeringen https://t.co/Wm3IxhpX6f
1,RT @KnutESunde: Neste år er investeringer i havvind i Europa større enn i olje og gass i Europa. Dette tar av. Og her vil norsk leverandøri…
1,Erna  lover at det ikke blir høyere strømpriser. For vi kan importere billig vindkraft fra danmark.  Det gikk jo bra. https://t.co/04W3tRvS9s
0,"@tweetmyinbox @alfholme @mariusholm @kristinlinnerud @ATGullberg @EinarWilly @RosendahlKE @ToreFurevik @hnormann @EquinorASA @EnovaSF Styret skal ha vedtatt at selskapet skal øke innen fornybar tross lavere avkastning. Minoritetseierne er muligens ikke godt nok representert i styret. De forteller aksjonærene at vindkraft har lavere peisrisiko, men det er ikke riktig når subsidier/prisgarantier forsvinner."
0,"Klar tale fra @oeddep-minister Freiberg under vårt Havvindseminar: 
-Vi skal legge til rette for lønnsom utbygging av fornybar energi gjennom gode rammebetingelser. Men jeg vil være tydelig på at det ikke er aktuelt å subsidiere utbygging av vindkraft til havs i Norge. #GOS https://t.co/LAda6OjJmM"
1,"Google går inn i vindkraft: ""Klimasamvittighet er business""  https://t.co/cwYMSevh1p"
0,Danmark har masse vindmøller men ingen kjøper elbil. Kanskje for kostbart og subsidiere begge deler. https://t.co/brv7P6kl6h
0,"RT @Naturvern: #NaturvernLM har vedtatt endringer i Naturvernforbundets prinsipprogram, med et langt tydeligere standpunkt både mot klimafi…"
1,"@HNesevis @bagdor @catofossen Ingen har forslått å strupe noe som helst, men inntektene fra olje og gass vil gå ned, og da er det avgjørende å få fart på annen industri. CCS, havvind, hydrogen, batteriproduksjon, og mye annet er eksempler på det. Det er ikke lenge til mye av dette virkelig kommer i gang."
1,"RT @Statkraft: Mer enn halvparten av verdens elektrisitetsproduksjon kan komme fra sol- og vindkraft i 2040, viser vårt ferske Lavutslippss…"
1,"RT @EinarWilly: i 2017 bygget Storbritannia ut 1,5 GW vind på land og 1 GW vind til havs. Til sammen har de nå 20 GW vindkraft, og produser…"
0,@TeslaNor @CSpange Jeg er imot vindkraft ja. Solkraft er jo for eksempel en mye mer skånsom energimetode for fuglelivet. Eventuelt oppgradering av vannkraft. Vindkraft er tydelig den verste.
1,"@einrisne @LaNaturenLeve @NORWEA Hei Einar, moren min har det helt fint :) Kan vi ikke heller ha en faktabasert debatt om vindkraft i stedet for å mistenkeliggjøre hverandres hensikter? Fortum prøver ikke å skjule at vi tjener penger på vindkraft, men Norge trenger mer vindkraft for å fase ut fossil energi."
1,"@LaNaturenLeve framleis bygg me fleire vegar uten, enn med vindkraft"
0,"@tordlien @WTeigland @OlufUlseth Og du synes ikke slike tall endrer bildet? 
https://t.co/5SQRc6yCCy"
0,"RT @politisk_agenda: Åtte av de ti største eierne av norsk vindkraft er utenlandske fond, med mange deleiere bak. De ser på norsk vind som…"
1,Det finske selskapet @St1Suomi går inn på eiersiden i et milliardprosjekt innen #vindkraft i Finnmark @e24 @malkyl https://t.co/0quFqyXu8x
1,@ungevenstre slutt å tull. vi har bygd vindmøller. men det tok tid for det krever mye forskning vi har satset på. Når er SV #LoVe s håp.
0,"RT @pksbertoli: «Uten bedre rammevilkår er det lite sannsynlig at Norge blir en stor aktør i det voksende #havvind-markedet».

Kanskje vi k…"
0,Vindkraft kan ikkje leggjast til urørt natur og viktige friluftslivsområder. Likevel sender Norsk Vind Energi AS melding om å byggje Europas største vindkraftanlegg i turområdet Stølsheimen. NVE må oppmode dei om å trekkje dette prosjektet @oeddep @erna_solberg @Statsmin_kontor https://t.co/54R8obo0xt
1,"RT @JonBjartnes: Til nå har det grønne skiftet skapt 17,5 millioner nye arbeidsplasser i sol- og vindkraft globalt. #detskjer http://t.co/s…"
0,"@kmfag @Akselfrids @idealistisk @Hoyre Eg drømmer om at MDG krangler med SP om klima, vindmøller, havbruk, størrelse på gårdsbruk, vei, matproduksjon, vern, artsmangfold, avgifts og skattefordeling osv,... for at de så kan eniges om flere punkter i vinn-vinn løsninger."
1,RT @arildhermstad: Enorme muligheter for fornybarnæringen til havs!  MDG  foreslår nye tiltak som kan skape et nytt norsk industrieventyr i…
1,"Verdens oljeproduksjon nådde toppen i 2019. Her er mine tanker om hvordan Norge kan lede det grønne skiftet gjennom massiv elektrifisering - havvind, hydrogen, batterier, elektriske ferger og fly. Arbeid og miljø - hva venter vi på? 

https://t.co/tZ2FUiCVmB https://t.co/yX6inEXpGb"
1,"RT @IvarSlengesol: NVEs anslag, snitt for nye prosjekter i Norge

Vannkraft over 10 MW: 35 øre/kWh
Vannkraft under 10 MW: 39 øre/kWh
Vindkr…"
1,Møkster vunnet kontrakt for bruk av et av rederiets skip til utbygging av vindpark til havs http://tinyurl.com/32x785c #vindkraft
1,RT @kim_andre: Et for lite diskutert næringspolitisk dilemma: «Så er det en generell utfordring i Norge at vi har stor aktivitet på olje- o…
1,RT @Vindenergi: 375MW vind/sol hybrid prosjekt i Australia - 59 turbiner og 4 mål solcellepaneler samspiller: https://t.co/5012sYikUp
0,"@Lassefredheim @AndreasAasheim Hm, har de virkelig fått lov å bygge vindkraft midt oppi urørt vannkraftnatur?"
0,"RT @KentAnder: Vindkraft er svindel. Solgt av svindlere, og kjøpt av slevhøytidelige idioter som kan ingenting om vindkraft. #SnakeOil"
0,RT @HeleneOdven: Nasjonal ramme for landbasert vindkraft har hatt lite rom for medverknad. I Hordaland er det heldigvis 12 kommunar som har…
0,"Tinges som vokser i takt

- bompenger
- vindkraft
- protester

De vet ikke når de skal slutte."
0,Muslimske ledere oppfordrer til åndelig kamp mot klimaendringene. Tja.. funker sikkert like bra som vindmøller. http://t.co/OmFqotYDiZ
1,"@osol Ser ut som om det er flere enn Trump som plutselig har blitt ekstra glad i fugl 🦆

https://t.co/IC7ZiQhgF2"
0,"@Prague_68 @HoyreTina @erna_solberg @Partiet @SVparti @vonKnag Vært der? Sett terrenget og det flotte planområdet innenfor Titania gruver? Lest MTA-planen og sett på kartet?
https://t.co/SrCarT4XtR 

Sett på eierstrukturen for Tellenes?
 https://t.co/S26JjQThe9

Er det slik @Partiet vil bygge ut norsk vindkraft?"
0,RT @svagene: Norsk natur trues av nedbygging av vindkraft. Enorme områder er nå identifisert av NVE som mulige utbyggingsområder under Nasj…
0,"RT @CICERO_klima: Mulig det er fordi Kina bygger så mange vindmøller for tida, men de øker CO2-utslippene m ti prosent, år etter år. @Pe ..."
0,"RT @BurkelandS: Merker meg at alle ungdomspolitikerne som vil ha vindkraft bor i Oslo eller nær. Flott, fyll hele Oslo, Akershus og Bærum m…"
1,RT @svagene: «Norge har store muligheter for å utvikle en bærekraftig og lønnsom reiselivsnæring. Meld. St. 19 (2016–2017).» Denne mulighet…
